qzysl,1,помоги,No
8414792453,qzysl,2,фвыы,No
8414792453,qzysl,3,dass,No
8414792453,qzysl,4,ы,No
8414792453,qzysl,5,нгеф,No
8414792453,qzysl,6,ку,photo,AgACAgIAAxkBAAM4aUA4HeJlhF-5Ix7xQq6GhMZWW40AAlMLaxvcaghKmF6zST-1MDoBAAMCAAN5AAM2BA,No
8414792453,qzysl,7,фывфы,,,No
8414792453,qzysl,8,вфыфвыфы,photo,AgACAgIAAxkBAAM4aUA4HeJlhF-5Ix7xQq6GhMZWW40AAlMLaxvcaghKmF6zST-1MDoBAAMCAAN5AAM2BA,No
8414792453,qzysl,9,вфыфы,,,No
8414792453,qzysl,10,"выффвыфы
кйцйкц",,,No
8414792453,qzysl,12,das,,,No
8414792453,qzysl,13,das,,,No
8414792453,qzysl,14,dsafga,,,No
8414792453,qzysl,15,ыфв,,,No
8414792453,qzysl,16,кйцц,photo,AgACAgIAAxkBAAM4aUA4HeJlhF-5Ix7xQq6GhMZWW40AAlMLaxvcaghKmF6zST-1MDoBAAMCAAN5AAM2BA,No
8414792453,qzysl,17,та не,,,No
8414792453,qzysl,18,rqrw,,,No
8414792453,qzysl,19,eqrwrw,,,No
6044505748,Kr1stok,20,qq,photo,AgACAgIAAxkBAAMPaUA_1IzmG4pfD0dRdvm4FxNsPqQAAj0SaxuqPQABShxTEQhjIojXAQADAgADeQADNgQ,No
